name,lat,lng,category
Genius Chinese Language Institute,27.6743095,85.4330235,Chinese language school
Bhaktapur Chinese Language and Culture Center,27.6779731,85.4331964,Chinese language school
Durga Dhakal,27.7010207,85.4173131,After school program
Shree Padma Secondary School,27.6727274,85.4273205,Higher secondary school
Basu seondary school,27.6782499,85.429387,Higher secondary school
Prabhat English Higher Secondary School (Block B),27.676218,85.4303581,Higher secondary school
Sainik Awasiya Mahavidyalaya - Bhaktapur,27.6709416,85.4177728,Higher secondary school
Nyatapola Sec. School,27.6794887,85.4417511,Higher secondary school
Adarsha Azad Higher Sec.School,27.6679894,85.4319764,Higher secondary school
Shree Changu Narayan Higher Sec. School.,27.7049951,85.4180073,Higher secondary school
सुर्यदीप माध्यमिक बिद्यालय,27.6687352,85.4127801,Higher secondary school
Modern English Secondary School,27.675192,85.4052924,Higher secondary school
Serene Ken English School,27.6780972,85.4296057,English language school
Shree Deep Saraswoti English Sec. School,27.7012036,85.4411606,English language school
Future Star English Secondary School,27.6597613,85.4314027,English language school
Kathmandu World School,27.6529379,85.4133508,International school
Glory English Secondary School,27.6788125,85.4010625,International school
Mainpoint Computer Institute,27.6708666,85.4291646,Computer training school
Helens Computer Institute,27.6774297,85.4374605,Computer training school
World Vision Computer Institute,27.6654637,85.4232435,Computer training school
C.Net Computer Education,27.6659903,85.4258603,Computer training school
Graphika Academy,27.6674447,85.4267293,Computer training school
Animax Animation Academy Bhaktapur,27.6668076,85.4254265,Computer training school
SHOVASA COMPUTER TECHNOLOGY,27.6732817,85.4382234,Computer training school
Indreni Computer Institute,27.671402,85.40835,Computer training school
Bhaktapur International Polyclinic,27.667315,85.4260301,Education center
Fashion store,27.6653488,85.4323851,Business school
Army multiple campus,27.6722437,85.4141379,Business school
Suryabinayak driving centre,27.6642026,85.4258261,Driving school
Antique Driving School,27.6680464,85.4310557,Driving school
Driving Skill Development Centre Nepal pvt.ltd.,27.6871905,85.4303574,Driving school
Duwakot driving institute,27.6869334,85.4115947,Driving school
Khwopa Moter Driving Training Center,27.6736055,85.4409466,Driving school
Bhaktapur Motor Driving Centre,27.6723636,85.4384343,Driving school
Bhaktapur Driving School,27.6763302,85.4064309,Driving school
Jaya Ganesh Motor Driving Centre,27.6710435,85.4071454,Driving school
Rambhole Motor Driving,27.6725645,85.4092339,Driving school
suman motor driving center,27.6740871,85.4063465,Driving school
H A Driving School,27.6755894,85.4141143,Driving school
Demos School,27.6667586,85.4267163,Private educational institution
SUVI School - सूर्यविनायक अङ्ग्रेजी माध्यमिक विद्यालय,27.6732703,85.4126085,Private educational institution
The Rising English Secondary School,27.6733111,85.4328498,Secondary school
जेन्युइन माध्यमिक विद्यालय,27.6770749,85.4342358,Secondary school
Everest English School,27.676376,85.424749,Secondary school
Himalaya English Sec.School,27.6787909,85.4342171,Secondary school
Gundu English Secondary school,27.6622612,85.4229402,Secondary school
Tara Secondary School,27.6687839,85.4269626,Secondary school
"Samata Shikshya Niketan, secondary school",27.6787289,85.4406393,Secondary school
Shree Nabin Lower Secondary School,27.6707692,85.4329436,Secondary school
Samaj Sudhar Secondary School,27.6711793,85.4373386,Secondary school
Golden Sungava Secondary School,27.6816128,85.410592,Secondary school
Shree Bal Chetan Lower Secondary School,27.6463911,85.4066234,Secondary school
Jyoti Gyan Academy secondary school,27.660325,85.4260357,Secondary school
Mount Everest School,27.6588812,85.4248061,Secondary school
Unique International Academy Secondary School,27.6682648,85.402823,Secondary school
EuroKids Srijananagar & Euro School Katunje Bhaktapur,27.6732128,85.400941,Secondary school
KHWOPRING TAEKWONDO DOJANG,27.6740338,85.4402071,Taekwondo school
ABF Driving Institute,27.6642585,85.4260681,Drivers license training school
Jaya Ganesh Driving Trail Spot,27.6741808,85.4061183,Drivers license training school
VHS BHAKTAPUR,27.6677716,85.4328687,German language school
St. John's School(Best school in Bhaktapur),27.6694196,85.4071112,School house
Santa Krishna Basic School,27.6526341,85.4263119,School house
Jagriti School,27.6725807,85.4269453,Government school
Nagadesh Government School,27.6845709,85.383309,Government school
Mahendra Shanti School,27.6621793,85.3695434,Government school
Mahendragram Higher Secondary School,27.6824797,85.4787346,Government school
khyaju,27.6551008,85.4404492,Government school
Shree Aazad Secondary School,27.6869266,85.4272503,Government school
Subarneshwor Basic School,27.6620295,85.4119242,Government school
Local library,27.6840589,85.4845907,Children's library
Prabhat School,27.6757616,85.4306625,Combined primary and secondary school
शान्ति - निकेतन अावसीय माघ्यमिक विद्यालय,27.6670023,85.4164833,Combined primary and secondary school
Bhaktapur Bartending & Barista,27.6653251,85.4254639,Bartending school
Doraemon Pre School,27.6451028,85.4427153,Elementary school
Shanti Bhairab Basic School,27.6540003,85.4538616,Elementary school
National Basic school worlang,27.6625397,85.4376381,Elementary school
Bhim Aadarsha Basic School,27.6692042,85.4397979,Elementary school
Shree Bharati Primary School,27.6687,85.429643,Elementary school
Ganesh school,27.6956945,85.4347373,Elementary school
RHOMBUS NATIONAL SCHOOL,27.6684703,85.4495995,Elementary school
Little Souls Child care and Montessori School,27.6701928,85.4042687,Elementary school
Shree Katunje elementary school,27.6644992,85.4092605,Elementary school
Himalayan Academy Boarding School,27.6755699,85.4171709,Elementary school
Vinayak Saraswoti School,27.6929298,85.4062717,Elementary school
"Khadka Deal,Duwakot 1",27.690913,85.4117608,Elementary school
Amarjyoti Montessori,27.6751161,85.4381742,Elementary school
Amarjyoti Gyankunja,27.6754056,85.438107,Elementary school
Parhibhara Academy,27.6712111,85.4006973,Elementary school
Gyan Sagar Education Academy,27.6714898,85.4222332,Technical school
Bagiswori College,27.675307,85.4390974,University
Nepal Innovation Centre,27.6709235,85.4363431,University
Khec library,27.6709871,85.4392,University
Saraswathi Vidyagraha,27.6757599,85.4362276,University
Sajita majhi,27.6728868,85.4039087,University
Sharada Campus,27.6796905,85.4445284,University
Bhaktapur Multiple Campus,27.6691024,85.4208909,University
Nepal Vocational Academy,27.6759344,85.4358982,Training center
Specialty Barista Training (SBT),27.6713414,85.4212691,Training center
Luniva Barista Training Institute,27.6748183,85.4313468,Training center
Pioneer Training Centre,27.6734435,85.4244025,Training center
CETSC - License Trial & Operator Training Center,27.6767868,85.4075952,Training center
Vygotsky Edu Center,27.6642655,85.4294771,Training center
Dreams Animation Academy & Studios,27.6674822,85.426961,Training center
Unique Japanese Language School,27.6659563,85.42533,Training center
Techcare Chip Level Repairing and Training Center,27.6698082,85.4105266,Training center
Sita Ram Tamakhu,27.6693527,85.4283605,Training center
Khwopa Fashion Instutute,27.666577,85.425133,Training center
"Suraj Naga, Lakolachhen",27.6693099,85.4284764,Training center
Saraswati English School,27.675735,85.4362819,Middle school
Students' Academy,27.6652974,85.4198732,Middle school
Image secondary school,27.6679048,85.4361339,Middle school
Ruby Valley School,27.6635041,85.4269349,Middle school
Little Garden English Secondary School,27.6581203,85.4121137,Middle school
Unity english secondary school,27.6623541,85.409234,Middle school
St johns English boarding school,27.6697355,85.4065883,Middle school
binodtamang,27.6575662,85.4259582,Middle school
Prowess Academy English Secondary School,27.667697,85.4380207,Middle school
Shree Ganesh Basic School,27.689543,85.4085753,Middle school
Tejaswee Pathshala,27.6699275,85.4097536,Middle school
"Dekocha, Bhaktpur",27.670994,85.4298429,Middle school
Gatthaghar,27.6709997,85.4298171,Middle school
First step Montessori,27.6605568,85.4385723,Preschool
"EuroKids, Suryabinayak",27.6635858,85.4356702,Preschool
We Kids School,27.6612573,85.4205433,Preschool
Morning Glory Kindergarten,27.6703865,85.4415235,Preschool
Child Heaven Pre-School,27.6691274,85.4247273,Preschool
Seraph World Pre - School,27.6708385,85.4221894,Preschool
Anshumali Pre-Primary School,27.6648316,85.4117597,Preschool
The Great Beginning Education Foundation (Pre School),27.6669158,85.4276983,Preschool
Shubharambha Pre School,27.6792107,85.4047827,Preschool
Kamal Binayak Kinder School,27.6781339,85.4375155,Preschool
Amarawati Modern Academy,27.6827505,85.4497263,Preschool
Smart kids Montessori,27.6948454,85.4402371,Preschool
Shree Bal Sewak Lower Sec. School,27.6693729,85.4339686,Preschool
Himalayan Glory English School,27.6738973,85.4242467,Preschool
Siddhartha Academy,27.6721087,85.4036271,Preschool
Shikchhyalaya Montessori,27.6909221,85.411736,Preschool
Wee Can Pre-School Bhaktapur-Nepal,27.6554638,85.4048932,Preschool
Lama Thanka Center,27.6713261,85.4277296,Drawing lessons
स्लाश एजुकेशन फाउण्डेसन प्रा.लि.,27.6659578,85.4253128,Educational institution
Suryabinayak Mini Krishi Farm,27.6657136,85.427336,Farm school
Aarogya Farms Katunje,27.6604304,85.4084352,Farm school
Vidyarthi Niketan School - Bhaktapur,27.6721365,85.4297881,School center
Shree Springdale S B School,27.6406042,85.431487,School center
Bhaktapur Maple School,27.6599338,85.4258096,School center
See result Online,27.6691065,85.4060715,School center
Pragya English School,27.6893492,85.4120976,Boarding school
Manoram Boarding School,27.6693151,85.4045028,Boarding school
Apex Boarding High School,27.65994,85.425774,Boarding school
Icon Music,27.6759639,85.437378,Music school
Nepali traditional Music Studio,27.6827708,85.4493108,Music school
"Sankalpa institute of Music, Dance and Arts",27.6706317,85.4093747,Music school
Fusion Music And Dance Academy,27.6762311,85.4375939,Music school
Mukti Music Training Center,27.671551,85.4302259,Music school
Sa Re Ga Ma Music School & RecordingStudio,27.6716621,85.4079405,Music school
Unity thangka,27.6730727,85.4346271,Art school
Bajrala Thangka Painting School,27.6725729,85.4292055,Art school
Historical Thangku Art School,27.6731633,85.4347781,Art school
Traditional Thanka Painting School,27.672697,85.429784,Art school
Geniune Thanka Painting School,27.6701003,85.4277698,Art school
Peace Thanka Centre,27.6694639,85.4278085,Art school
IEC School of Art & Fashion,27.6709844,85.4097768,Art school
Destiny Tuition Centre,27.671988,85.4313619,Special education school
Satprayas Special Needs School Nepal,27.6677801,85.4323108,Special education school
Saras Pathshala School Bhaktapur,27.6634478,85.4430159,Special education school
Khwopa College (TU Affiliated),27.678014,85.4324319,College
BMC Bsc. Csit Block,27.6688451,85.4213352,College
ICH COLLEGE [INSTITUTE OF COMMUNITY HEALTH],27.6703725,85.4195802,College
Khwopa Engineering College(Block A),27.67096,85.4399895,College
Nicholson College / Secondary School,27.6732361,85.4051609,College
Madan Ashrit College,27.6700454,85.4129891,College
Aadarsha Azad College,27.6679931,85.4319817,College
BMC Computer and Science Office,27.6689445,85.421577,College
BMC BBA Block,27.6698504,85.4218693,College
Iwamura College of Health Science,27.6723726,85.4112782,College
स्व.वि.यु भवन,27.6697991,85.4209875,College
BMC BBM/BIM/BCA Block,27.6697816,85.4206096,College
Universal Modern College/ Modern English Secondary School,27.6745078,85.4051265,College
BMC Basketball Court,27.668975,85.4203313,College
Iwamura College of Health Science (Nursing Unit),27.6649571,85.4259719,College
Kathmandu Medical College Basic Science Building,27.6810936,85.4120632,College
Oxford Practical English School / College,27.6746985,85.4085805,College
Kirtipur,27.6865852,85.4581859,College
KHWOPA POLY-TECHNIC INSTITUTE ENGINEERING DEPARTMENT,27.6797432,85.4446131,College
Rhombus National Collage,27.6781129,85.4447394,College
Prajwol House,27.683519,85.4520142,College
Kathmandu Medical College,27.6872117,85.4082908,College
Sanothimi college hostel,27.6793164,85.4030016,College
Chakrabarti Habi Education Academy - College of Health Science,27.6738432,85.4020597,College
Rajdhani national collage,27.6780668,85.4446684,College
Sainik School for Bachelor Studies,27.6727143,85.414011,College
Holy Garden English Secondary School,27.675965,85.4294723,General education school
Jaycees English School,27.6736511,85.4269509,General education school
Khwopa Secondary School,27.6778469,85.4330416,General education school
MVA - Mahendra Vidya Ashram Bhaktapur Pvt. Ltd.,27.6673333,85.4238851,General education school
SIpadol School,27.6435494,85.4330036,General education school
Global Life School,27.6774145,85.4413497,General education school
Lisha English Secondary School,27.6733164,85.4423558,General education school
Prasadi Pathshala Montessori School,27.6659218,85.4333593,General education school
United school,27.6946888,85.4304223,General education school
Manakamana English Secondary School,27.6783436,85.4381422,General education school
BAL BHUSAN SCHOOL,27.7032295,85.4284575,General education school
Kids Town Montessori School,27.6953638,85.4105258,General education school
Golden Gate English Secondary School,27.67759,85.4310296,High school
Medha Secondary School,27.6708989,85.4249715,High school
Sooryodaya Secondary School,27.6704593,85.4339449,High school
Mount Valley English Secondary School,27.6759807,85.4356293,High school
भक्तपुर,27.6764293,85.432703,High school
Hostel Basu,27.6775416,85.4302587,High school
Dattatraya Lower Secondary School,27.67379,85.4354319,High school
जाेरपाटी माध्यमिक विद्यालय,27.6723979,85.4228803,High school
Little World English Secondary School,27.6696545,85.4199713,High school
Gyan Tara English Secondary School,27.6681374,85.424071,High school
Sunshine National School,27.6685867,85.4214808,High school
NR.Secondary School,27.6704694,85.4217939,High school
Glitter Future (Secondary) School,27.6685794,85.4249608,High school
AJ School,27.6646266,85.4225146,High school
Pentagon Open School,27.6705774,85.4218015,High school
Future Star English School,27.6712289,85.4245736,High school
Zenith English Sec. School,27.6695516,85.423642,High school
विद्यालय,27.6664326,85.4216148,High school
Shree Bhuvaneshwari Secondary School,27.6491017,85.4509896,High school
NASEMEP,27.6830176,85.4478714,High school
East point academy ( school ),27.6795914,85.4431793,High school
Wiseland Sec.School,27.6676649,85.4346173,High school
Vidhya Arjan English Secondary School,27.6671338,85.4328354,High school
PROXIMA INTERNATIONAL ACADEMY,27.667432,85.432278,High school
Vidhya Vikash Sec.Boarding School,27.6676646,85.4353954,High school
Bal Vikash English Secondary School,27.6706248,85.4424652,High school
Khwopring English Secondary School,27.6708125,85.4408125,High school
Nabin English School,27.7062224,85.418453,High school
North East English Secondary School,27.6988557,85.4177164,High school
Om Secondary School,27.6657876,85.4036484,High school
Gundu,27.6412431,85.414341,High school
St.John's English School,27.6716994,85.4078166,High school
Rajarshi Gurukul,27.6712333,85.4103412,High school
Gehendra house sainik school,27.6738563,85.4161071,High school
Bhaktapur Dance Academy,27.6641126,85.4220125,Dance school
Dynamic Dance Destination,27.6734266,85.4412374,Dance school
manisundara library,27.6710207,85.42326,Library
Central Library-SAMB,27.6710999,85.4172166,Library
unity reading,27.6697823,85.428685,Library
Garden of Books (Reading Room in Bhaktapur),27.6648373,85.4194059,Library
Pragati Pustakalaya,27.6735701,85.4372858,Library
Digital Library SAMB,27.671363,85.417264,Library
bmc library,27.6698132,85.4208663,Library
Kanchan Library (Reading Room),27.6779189,85.3950804,Library
Asmita's Study Room,27.6734504,85.3759689,Library
Be Cool Reading Home,27.6755158,85.3926778,Library
NEC Library,27.7101758,85.4149457,Library
YOUKOSO JAPANESE LANGUAGE CENTRE,27.6716781,85.4348008,Language school
Nyatapola Japanese Institute,27.672412,85.4314699,Language school
Alpha Korean Language School,27.6654709,85.4237743,Language school
Ashai Japanese Language & Culture Center,27.665965,85.424719,Language school
Saino Japanese Language School,27.6659563,85.4246072,Language school
Bhaktapur Japanese Language Institute,27.6650691,85.4254818,Language school
RC Language & Study Abroad Pvt. Ltd.,27.6662511,85.4264714,Language school
Kavi Ram Language Instutute,27.669418,85.4276529,Language school
Awakening Language Instutute,27.666621,85.424781,Language school
"Language Classes (IELTS, PTE, Japanese and Korean)",27.667468,85.4267195,Language school
Bal Mandir School,27.6719265,85.4274701,Primary school
Shree Basic School श्री आधारभूत विद्यालय,27.6734994,85.4324365,Primary school
Shree Hansa Bahini Basic School,27.6755938,85.4331948,Primary school
"Kamalbinayak-10, Bhaktapur",27.6757318,85.4331137,Primary school
Shree Sarda Primary School,27.6684436,85.4249031,Primary school
Shanti Niketan School,27.6683452,85.4276836,Primary school
श्री जनसेवा प्राथमिक विद्यालय,27.6689,85.4263656,Primary school
Dyola Primary School,27.6691694,85.4304783,Primary school
Shree Dandapati Primary School,27.6600561,85.4596201,Primary school
Deuja Gaun Basic School,27.6571887,85.4628552,Primary school
Aradhana Gyankunja,27.693614,85.448899,Primary school
"""Tranquil"" Ratna Shikshya Sadan English School",27.6954508,85.4495013,Primary school
Chandeshworee Basic School,27.6685976,85.4338103,Primary school
KiDSCARE SCHOOL,27.6884826,85.4298079,Primary school
Phaidhoka School फैढोका स्कुल,27.6697111,85.4649894,Primary school
Kids Town Montessori School,27.6970151,85.4204217,Primary school
Setidevi Basic School,27.6628717,85.4175995,Primary school
Shree yapee Bhairab Basic School,27.6986063,85.42053,Primary school
Mamti National Academy,27.6617003,85.4218031,Primary school
"Gurukul Bidyamandir, Changunarayan-1, Duwakot",27.7018429,85.4139654,Primary school
Shree Santati Basic School,27.6738014,85.4042594,Primary school
Trillium Montessori Kinderworld And Training Centre,27.6645277,85.4243392,Montessori preschool
Kid’s garde Montessori school duwakot,27.686418,85.41323,Montessori preschool
Baby bunny montessori,27.6738731,85.4272014,Montessori preschool
Little Treasures Montessori,27.6625333,85.4326271,Montessori preschool
Prahnir Pen to Paper,27.7032735,85.4324091,School supply store
Goden Gate Kids' Villa,27.6777709,85.4307883,Montessori school
Wings Montessori,27.6678143,85.4142732,Montessori school
S.S. Montessori Pre-School,27.6677247,85.410312,Montessori school
Kikampa Montessori International,27.6647404,85.4302258,Montessori school
Dolphin Kids World,27.6677113,85.4103372,Montessori school
Rajaswi Pathshala,27.6814747,85.4028133,Montessori school
